{  
  "ultima_actualizacion": "03/10/2025 09:00:00",
  "referencias_usd": {
    "brasil": 4.92,
    "chile": 970.00,
    "colombia": 3848.00,
    "dominicana": 63,
    "ecuador": 1.00,
    "europa": 0.94,
    "mexico": 18.70,
    "paypal": 1.00,
    "peru": 3.55,
    "usa": 1.00,
    "venezuela": 293
  },
  "dominicana": [
    { "min": 0, "max": 2000, "tasa": 4.27873},
    { "min": 2001, "max": 10000, "tasa": 4,2792},
    { "min": 10001, "max": 20000, "tasa": 4,28013}
  ],
  "otros": {
    "colombia": 14.353,
    "peru": 75.519,
    "ecuador": 268.09,
    "mexico": 12.853726,
    "chile": 0.276
  },
  "app": 4,28013
}
