{
  "ultima_actualizacion": "10/09/2025 11:00:00",
  "referencias_usd": {
    "colombia": 3835.00,
    "venezuela": 241,
    "dominicana": 63.70,
    "peru": 3.55,
    "chile": 970.00,
    "ecuador": 1.00,
    "usa": 1.00,
    "paypal": 1.00,
    "europa": 0.94,
    "brasil": 4.92
  },
  "dominicana": [
    { "min": 0, "max": 2000, "tasa": 3.48069},
    { "min": 2001, "max": 10000, "tasa": 3.48107},
    { "min": 10001, "max": 20000, "tasa": 3.48183 }
  ],
  "otros": {
    "colombia": 17.296,
    "peru": 62.456,
    "ecuador": 221.72
  },
  "app": 3.49961
}

