{
  "ultima_actualizacion": "06/08/2025 11:00:00",
  "referencias_usd": {
    "colombia": 3920.00,
    "venezuela": 200.50,
    "dominicana": 62.60,
    "peru": 3.55,
    "chile": 970.00,
    "ecuador": 1.00,
    "usa": 1.00,
    "paypal": 1.00,
    "europa": 0.94,
    "brasil": 4.92
  },
  "dominicana": [
    { "min": 0, "max": 2000, "tasa": 2.91462 },
    { "min": 2001, "max": 10000, "tasa": 2.91494},
    { "min": 10001, "max": 20000, "tasa": 2.9159 }
  ],
  "otros": {
    "colombia": 21.484,
    "peru": 51.395,
    "ecuador": 182.45
  },
  "app": 2.93063
}

