{
  "ultima_actualizacion": "06/08/2025 11:00:00",
  "referencias_usd": {
    "colombia": 3920.00,
    "venezuela": 181.00,
    "dominicana": 61.50,
    "peru": 3.60,
    "chile": 970.00,
    "ecuador": 1.00,
    "usa": 1.00,
    "paypal": 1.00,
    "europa": 0.94,
    "brasil": 5.22
  },
  "dominicana": [
    { "min": 0, "max": 2000, "tasa": 2.63995 },
    { "min": 2001, "max": 10000, "tasa": 2.64025},
    { "min": 10001, "max": 20000, "tasa": 2.64113 }
  ],
  "otros": {
    "colombia": 24.144,
    "peru": 45.099,
    "ecuador": 162.35
  },
  "app": 2.64113
}

