{
  "ultima_actualizacion": "20/10/2025 11:00:00",
  "referencias_usd": {
    "brasil": 4.92,
    "chile": 965.0,
    "colombia": 3800.0,
    "dominicana": 64.05,
    "ecuador": 1.0,
    "europa": 0.94,
    "mexico": 18.85,
    "paypal": 1.0,
    "peru": 3.50,
    "usa": 1.0,
    "venezuela": 300.0
  },
  "dominicana": [
    { "min": 0, "max": 2000, "tasa": 4.28571 },
    { "min": 2001, "max": 10000, "tasa": 4.28618 },
    { "min": 10001, "max": "INF", "tasa": 4.2872}
  ],
  "otros": {
    "colombia": 13.843,
    "peru": 78.428,
    "ecuador": 274.50,
    "mexico": 14.538,
    "chile": 0.284
  },
  "app": 4.27873
}
