{
  "ultima_actualizacion": "06/08/2025 11:00:00",
  "referencias_usd": {
    "colombia": 3920.00,
    "venezuela": 217.5,
    "dominicana": 63.85,
    "peru": 3.55,
    "chile": 970.00,
    "ecuador": 1.00,
    "usa": 1.00,
    "paypal": 1.00,
    "europa": 0.94,
    "brasil": 4.92
  },
  "dominicana": [
    { "min": 0, "max": 2000, "tasa": 3.13391},
    { "min": 2001, "max": 10000, "tasa": 3.13425},
    { "min": 10001, "max": 20000, "tasa": 3.13527 }
  ],
  "otros": {
    "colombia": 19.590,
    "peru": 56.366,
    "ecuador": 200.10
  },
  "app": 3.15094
}

