{
  "ultima_actualizacion": "06/08/2025 11:00:00",
  "referencias_usd": {
    "colombia": 3835.00,
    "venezuela": 240,
    "dominicana": 63.90,
    "peru": 3.55,
    "chile": 970.00,
    "ecuador": 1.00,
    "usa": 1.00,
    "paypal": 1.00,
    "europa": 0.94,
    "brasil": 4.92
  },
  "dominicana": [
    { "min": 0, "max": 2000, "tasa": 3.45653},
    { "min": 2001, "max": 10000, "tasa": 3.45577},
    { "min": 10001, "max": 20000, "tasa": 3.45540 }
  ],
  "otros": {
    "colombia": 17.368,
    "peru": 62.197,
    "ecuador": 220.80
  },
  "app": 3.47418
}

